path,evidence_level,purpose,original_sha256,transformation,source_record_name
g7_condition_results.csv,DERIVED_RESULT,All 27 planned conditions including seven technical NC,4ad87c8c291445bdc16443f070ff92494ac884b398031a4e07221710da7981dd,Personal/infrastructure locators removed; scientific values retained,G7_CONDITION_LEVEL_ADJUDICATION.csv
g7_predeclared_pair_results.csv,DERIVED_RESULT,All 21 locked pairs including six NC,25f225bda119d76370a5bcca2d3c72c0e6d38ff10208f7d929e758415763da13,Personal/infrastructure locators removed; scientific values retained,G7_PREDECLARED_PAIR_RESULTS.csv
partitions/O1_partitions.csv,DERIVED_RESULT,Finite classes; not global identification,71e4a03efe13a3f19279927aa6e51b5035223436d569d6737ca90575252639ca,Personal/infrastructure locators removed; scientific values retained,G7_O1_PARTITIONS.csv
partitions/O2_partitions.csv,DERIVED_RESULT,Finite classes; not global identification,2364e5f5cfe024a8769d740ee84e565cd200ed07e62dcc68b5504079fc0e3794,Personal/infrastructure locators removed; scientific values retained,G7_O2_PARTITIONS.csv
partitions/O3_partitions.csv,DERIVED_RESULT,Finite classes; not global identification,092a89452c11c64311add67532e65ad5031ef4c7b5efb7c1f63efbddb3a8bd22,Personal/infrastructure locators removed; scientific values retained,G7_O3_PARTITIONS.csv
return_decoding_affected_records.csv,DERIVED_RESULT,Twenty original/derived full-return pairs,2641b3798b3893df542dfaf0e1433524dd59cb103d28c07c7a1f166158f7aef4,Personal/infrastructure locators removed; scientific values retained,G7_RETURN_DECODING_CORRECTED_DERIVED.csv
return_decoding_correction.md,REDACTED_PROJECTION_OF_RETAINED_RECORD,Analysis-only correction disclosure,b9674be7f2472779567e02197349c2c88cc849d8fc160a3176ab9c449ab1cc9e,Personal/infrastructure locators removed; scientific values retained,G7_RETURN_DECODING_CORRECTION.md
missingness.md,REDACTED_PROJECTION_OF_RETAINED_RECORD,All unavailable conditions and pairs,585de410d15bc46809510cd7ae81e2e0f408d8b3d5fbcc3c34609bd3f9445d22,Personal/infrastructure locators removed; scientific values retained,G7_MISSINGNESS_AND_NONCOMPARABILITY.md
nuisance_controls.md,REDACTED_PROJECTION_OF_RETAINED_RECORD,Same-Y and non-collision controls,e58114d2401ec3a6c278adeb56fa425457c4ebfc5cf1dd0d3bb157836b36da6f,Personal/infrastructure locators removed; scientific values retained,G7_NUISANCE_CONTROL_RESULTS.md
execution_records/VA0.json,REDACTED_PROJECTION_OF_RETAINED_RECORD,Retained execution record; original erroneous return preserved,75171dc86d82fa92c21114be9e67af8fc55a85852b42942bf8dce8c68adaf2be,Personal/infrastructure locators removed; scientific values retained,VA0.json
trace_archive/VA0.json.gz,DIRECT_OBSERVATION,"Original trace bytes, gzip lossless; decompress for original hash",5dc35693095c7dd8b4b60fd4fdae8c53c67cad4aad63cfc393fabe8e8abc9d52,gzip only; decompressed bytes unchanged,VA0.json
execution_records/VA1.json,REDACTED_PROJECTION_OF_RETAINED_RECORD,Retained execution record; original erroneous return preserved,b355f66114acfabbbab9f273bcc20f66b52638342683c6f7d63a6aab066ad8d5,Personal/infrastructure locators removed; scientific values retained,VA1.json
trace_archive/VA1.json.gz,DIRECT_OBSERVATION,"Original trace bytes, gzip lossless; decompress for original hash",7dcdb394bddf81b1b787e107b59cafa71459cbe8435be4f3cb8b9602f7adf51c,gzip only; decompressed bytes unchanged,VA1.json
execution_records/VA2.json,REDACTED_PROJECTION_OF_RETAINED_RECORD,Retained execution record; original erroneous return preserved,318a6296e7ca956b6542a8735909bfd62c13f372b9065d2a2e815369eedbef81,Personal/infrastructure locators removed; scientific values retained,VA2.json
trace_archive/VA2.json.gz,DIRECT_OBSERVATION,"Original trace bytes, gzip lossless; decompress for original hash",b30f5c9e6585e7e727162239c7dfa21b7182c0e063dd6ad53deacb4726fe0a27,gzip only; decompressed bytes unchanged,VA2.json
execution_records/VA3.json,REDACTED_PROJECTION_OF_RETAINED_RECORD,Retained execution record; original erroneous return preserved,4cf07a6fb2aed252deca611ca839a6ebf35df8cdb458929d6ae049ffc298353c,Personal/infrastructure locators removed; scientific values retained,VA3.json
trace_archive/VA3.json.gz,DIRECT_OBSERVATION,"Original trace bytes, gzip lossless; decompress for original hash",aeb9234ec6373bd7a453008148d7a4f71866c6b4682f4bd7f9031271edfeac0b,gzip only; decompressed bytes unchanged,VA3.json
execution_records/VA4.json,REDACTED_PROJECTION_OF_RETAINED_RECORD,Retained execution record; original erroneous return preserved,ce823fe6e5fdd21adadf71be6a96e7feeb58e4e0e007d489d4e33d465fd3b7bd,Personal/infrastructure locators removed; scientific values retained,VA4.json
trace_archive/VA4.json.gz,DIRECT_OBSERVATION,"Original trace bytes, gzip lossless; decompress for original hash",ab358e0b26744c3f242a75ede68b3f958bb9f2eee6822e51fcd69d0d44bbc958,gzip only; decompressed bytes unchanged,VA4.json
execution_records/VB0.json,REDACTED_PROJECTION_OF_RETAINED_RECORD,Retained execution record; original erroneous return preserved,326f920dfae2c695151ef0fd395ff0c01ec2b7dc2d2f066345c36006b4aafaca,Personal/infrastructure locators removed; scientific values retained,VB0.json
trace_archive/VB0.json.gz,DIRECT_OBSERVATION,"Original trace bytes, gzip lossless; decompress for original hash",dd94c95e9535d09fc8732d6c9124ee6c939814aca1753f95893c9c0b499bc1d2,gzip only; decompressed bytes unchanged,VB0.json
execution_records/VB1.json,REDACTED_PROJECTION_OF_RETAINED_RECORD,Retained execution record; original erroneous return preserved,05c47f0f3beaa898e3de69bd84dd336fefa016b30119e260e10afd131a48b7b9,Personal/infrastructure locators removed; scientific values retained,VB1.json
trace_archive/VB1.json.gz,DIRECT_OBSERVATION,"Original trace bytes, gzip lossless; decompress for original hash",065e8206fcaab5f733743889ee4dea6589103bc7d483527c6d19412c2883f2e3,gzip only; decompressed bytes unchanged,VB1.json
execution_records/VB2.json,REDACTED_PROJECTION_OF_RETAINED_RECORD,Retained execution record; original erroneous return preserved,1f329c6080dbbaa0fc97fc92620b978915145ecfb70e1bfda6b079c0d78e89ff,Personal/infrastructure locators removed; scientific values retained,VB2.json
trace_archive/VB2.json.gz,DIRECT_OBSERVATION,"Original trace bytes, gzip lossless; decompress for original hash",9d5249b21b39b5ebeeb83dc9ab4b2f44045ddc0462418623b21c74fb574a8de1,gzip only; decompressed bytes unchanged,VB2.json
execution_records/AA0.json,REDACTED_PROJECTION_OF_RETAINED_RECORD,Retained execution record; original erroneous return preserved,b85546d18e47e31e13f4c4880d1ec0e2ddb26fe944a02aa92f21afd860980e4b,Personal/infrastructure locators removed; scientific values retained,AA0.json
trace_archive/AA0.json.gz,DIRECT_OBSERVATION,"Original trace bytes, gzip lossless; decompress for original hash",31fe95b7571235537f16afd9f6b2696ccdb5c076ce6aabc1810636aefe29aa2d,gzip only; decompressed bytes unchanged,AA0.json
execution_records/AA1.json,REDACTED_PROJECTION_OF_RETAINED_RECORD,Retained execution record; original erroneous return preserved,bc2a0b0da0888e95394371f3270c75220841c7ce881e7ea5a282e6ae3f0e54c4,Personal/infrastructure locators removed; scientific values retained,AA1.json
trace_archive/AA1.json.gz,DIRECT_OBSERVATION,"Original trace bytes, gzip lossless; decompress for original hash",31fe95b7571235537f16afd9f6b2696ccdb5c076ce6aabc1810636aefe29aa2d,gzip only; decompressed bytes unchanged,AA1.json
execution_records/AA2.json,REDACTED_PROJECTION_OF_RETAINED_RECORD,Retained execution record; original erroneous return preserved,f6fa65e936c90fafed6f7647e28a2d47d3a7cbb3f58214b304552c5f07afa079,Personal/infrastructure locators removed; scientific values retained,AA2.json
trace_archive/AA2.json.gz,DIRECT_OBSERVATION,"Original trace bytes, gzip lossless; decompress for original hash",b5188d24bfa5aaa9695a77dd596ba3b3c307a248d2a6571f9a648c0824f89dce,gzip only; decompressed bytes unchanged,AA2.json
execution_records/AA3.json,REDACTED_PROJECTION_OF_RETAINED_RECORD,Retained execution record; original erroneous return preserved,fecfc00ac596f7415ca3b942ed74dda7ef05415985800425dfda1825de4ade73,Personal/infrastructure locators removed; scientific values retained,AA3.json
trace_archive/AA3.json.gz,DIRECT_OBSERVATION,"Original trace bytes, gzip lossless; decompress for original hash",b5188d24bfa5aaa9695a77dd596ba3b3c307a248d2a6571f9a648c0824f89dce,gzip only; decompressed bytes unchanged,AA3.json
execution_records/AA4.json,REDACTED_PROJECTION_OF_RETAINED_RECORD,Retained execution record; original erroneous return preserved,e38597523e0bdb2c6bdfc0aa41febb5a63810760293c94d8824a460591abf4fb,Personal/infrastructure locators removed; scientific values retained,AA4.json
trace_archive/AA4.json.gz,DIRECT_OBSERVATION,"Original trace bytes, gzip lossless; decompress for original hash",31fe95b7571235537f16afd9f6b2696ccdb5c076ce6aabc1810636aefe29aa2d,gzip only; decompressed bytes unchanged,AA4.json
execution_records/AB0.json,REDACTED_PROJECTION_OF_RETAINED_RECORD,Retained execution record; original erroneous return preserved,8b8bf1abc437c4b7dd07b13168a3ce84e5326766df37c1e42788f9cbed700270,Personal/infrastructure locators removed; scientific values retained,AB0.json
trace_archive/AB0.json.gz,DIRECT_OBSERVATION,"Original trace bytes, gzip lossless; decompress for original hash",ab89a0cb44340b16f07eac96ad302226697ac4ebb05668ee6392389584c32e5d,gzip only; decompressed bytes unchanged,AB0.json
execution_records/AB1.json,REDACTED_PROJECTION_OF_RETAINED_RECORD,Retained execution record; original erroneous return preserved,f9c66997fc2ea3937675d3bbdad51a3f2de39521b16cd0b2ec2ee4d9a37e2e84,Personal/infrastructure locators removed; scientific values retained,AB1.json
trace_archive/AB1.json.gz,DIRECT_OBSERVATION,"Original trace bytes, gzip lossless; decompress for original hash",b5188d24bfa5aaa9695a77dd596ba3b3c307a248d2a6571f9a648c0824f89dce,gzip only; decompressed bytes unchanged,AB1.json
execution_records/AB2.json,REDACTED_PROJECTION_OF_RETAINED_RECORD,Retained execution record; original erroneous return preserved,8873bfca69637adbd25ac66da4a109f523d5aab344eccdb85618cdbf706009b6,Personal/infrastructure locators removed; scientific values retained,AB2.json
trace_archive/AB2.json.gz,DIRECT_OBSERVATION,"Original trace bytes, gzip lossless; decompress for original hash",31fe95b7571235537f16afd9f6b2696ccdb5c076ce6aabc1810636aefe29aa2d,gzip only; decompressed bytes unchanged,AB2.json
execution_records/FA0.json,REDACTED_PROJECTION_OF_RETAINED_RECORD,Retained execution record; original erroneous return preserved,8a8b28a88369aadf3856bcd129909be8521a0640a3ed7a5f7787017f6affed5c,Personal/infrastructure locators removed; scientific values retained,FA0.json
execution_records/FA1.json,REDACTED_PROJECTION_OF_RETAINED_RECORD,Retained execution record; original erroneous return preserved,ffb259f4c6a4a3ff536d94e9ac0c7f8b60014e28db8e8b2b014d67878e0626a5,Personal/infrastructure locators removed; scientific values retained,FA1.json
execution_records/FA2.json,REDACTED_PROJECTION_OF_RETAINED_RECORD,Retained execution record; original erroneous return preserved,b55f12cb20c2083f1bbf66fa9157d4c3736ab1e6531660b222651c501b0016a4,Personal/infrastructure locators removed; scientific values retained,FA2.json
execution_records/FA3.json,REDACTED_PROJECTION_OF_RETAINED_RECORD,Retained execution record; original erroneous return preserved,780740774a1b76fbd2154e4d65a8844b690e7ac1004c999c61f56346bd580bc2,Personal/infrastructure locators removed; scientific values retained,FA3.json
execution_records/FB0.json,REDACTED_PROJECTION_OF_RETAINED_RECORD,Retained execution record; original erroneous return preserved,f94efa8fcf0297bb6716e1d0f20510b90b2d9dfb34ad4cb113c2ea151a76ed38,Personal/infrastructure locators removed; scientific values retained,FB0.json
execution_records/FB1.json,REDACTED_PROJECTION_OF_RETAINED_RECORD,Retained execution record; original erroneous return preserved,c0aacb53add9cba0a68289b49cf95a3738176f4c7a17478a8a4f14fb37b9bc38,Personal/infrastructure locators removed; scientific values retained,FB1.json
execution_records/FB2.json,REDACTED_PROJECTION_OF_RETAINED_RECORD,Retained execution record; original erroneous return preserved,2bceaa8283134ca0037d39abc34f0af123b48cbe8e38b6c766a6242ba0d21540,Personal/infrastructure locators removed; scientific values retained,FB2.json
execution_records/FC0.json,REDACTED_PROJECTION_OF_RETAINED_RECORD,Retained execution record; original erroneous return preserved,e6f35c5a598e19b65c0d56205d8bc73af71f88c7e922aefd35ba60dcc712cce9,Personal/infrastructure locators removed; scientific values retained,FC0.json
trace_archive/FC0.json.gz,DIRECT_OBSERVATION,"Original trace bytes, gzip lossless; decompress for original hash",9d0458a2d753d5c34b051586e916bf638c63d973165c4f451a2cdad302d37fd8,gzip only; decompressed bytes unchanged,FC0.json
execution_records/FC1.json,REDACTED_PROJECTION_OF_RETAINED_RECORD,Retained execution record; original erroneous return preserved,33f22399f971ce069f0cb978d731245fca4beb022258732e8c110de335afdeea,Personal/infrastructure locators removed; scientific values retained,FC1.json
trace_archive/FC1.json.gz,DIRECT_OBSERVATION,"Original trace bytes, gzip lossless; decompress for original hash",44d3e54cc080e287868dfc0e2321dd720d1beb8bbabd993b5cc72057abcef549,gzip only; decompressed bytes unchanged,FC1.json
execution_records/FC2.json,REDACTED_PROJECTION_OF_RETAINED_RECORD,Retained execution record; original erroneous return preserved,52b210785bb5266a207da8da803fb5dc0bb6485e0b2bc1797fd8723e9987cfe9,Personal/infrastructure locators removed; scientific values retained,FC2.json
trace_archive/FC2.json.gz,DIRECT_OBSERVATION,"Original trace bytes, gzip lossless; decompress for original hash",e6622caa60af5f7e74dc704d4a53f049af8696073cb28c8f0b415752cc149431,gzip only; decompressed bytes unchanged,FC2.json
execution_records/FC3.json,REDACTED_PROJECTION_OF_RETAINED_RECORD,Retained execution record; original erroneous return preserved,c9ce3b9f0df43fdf263898ec82a85fd336cea5e99815c6cf963a9c02394d5c5a,Personal/infrastructure locators removed; scientific values retained,FC3.json
trace_archive/FC3.json.gz,DIRECT_OBSERVATION,"Original trace bytes, gzip lossless; decompress for original hash",e6622caa60af5f7e74dc704d4a53f049af8696073cb28c8f0b415752cc149431,gzip only; decompressed bytes unchanged,FC3.json
numeric_records/N01.json,REDACTED_PROJECTION_OF_RETAINED_RECORD,Original numeric record with only locator/infrastructure redaction,c8bb1ff500f3f837bab7574bbc4173706bcd3c1924d33ec498dc647ba13a1085,Personal/infrastructure locators removed; scientific values retained,T0_8453_0x4687670f5f01716faa382e2356c103bad776752c.json
numeric_records/N02.json,REDACTED_PROJECTION_OF_RETAINED_RECORD,Original numeric record with only locator/infrastructure redaction,b09b01f65cc6b3bf88844478628f757ceb32276032e4df96d9f83d689e1c4623,Personal/infrastructure locators removed; scientific values retained,T0_146_0x47ecdd1986d4d729cb2018c47b62b8f007d795d9.json
numeric_records/N03.json,REDACTED_PROJECTION_OF_RETAINED_RECORD,Original numeric record with only locator/infrastructure redaction,22a04c87b3b327bcd8a314fe40a5056dd24267b691b76e2787d4c39b811ecae0,Personal/infrastructure locators removed; scientific values retained,T0_42161_0xcec3383ab6633672943117952b9d7c901c725e15.json
numeric_records/N04.json,REDACTED_PROJECTION_OF_RETAINED_RECORD,Original numeric record with only locator/infrastructure redaction,49272be12e3a8920f3cc0f3f3b61e58fdf8caf89ae9fd110a5fbff8854c8dc84,Personal/infrastructure locators removed; scientific values retained,T0_43114_0x512935aaf49f89d000aab0d8102c334876942d2c.json
numeric_records/N05.json,REDACTED_PROJECTION_OF_RETAINED_RECORD,Original numeric record with only locator/infrastructure redaction,c9983fd7ec59d63fe4aadf41acf834be2473a1168fd9b86a3d4fae380141076c,Personal/infrastructure locators removed; scientific values retained,T0_1_0x33f1e44db47400c9bd6221962712d882adb8ffa6.json
numeric_records/N06.json,REDACTED_PROJECTION_OF_RETAINED_RECORD,Original numeric record with only locator/infrastructure redaction,e44a852c69ea3b2de33257c3a67da42cd0e09a4dce118c6fff962768eec36019,Personal/infrastructure locators removed; scientific values retained,T0_1_0x1919de21635276a80aa3384a852df8189e1b7205.json
numeric_records/N07.json,REDACTED_PROJECTION_OF_RETAINED_RECORD,Original numeric record with only locator/infrastructure redaction,d66f4bd0a1b4e741353619823c47fbc6b43482c9a1d210e33269f304ceb060c9,Personal/infrastructure locators removed; scientific values retained,T1_8453_0x4687670f5f01716faa382e2356c103bad776752c.json
numeric_records/N08.json,REDACTED_PROJECTION_OF_RETAINED_RECORD,Original numeric record with only locator/infrastructure redaction,25363735ff1b60a19e3d660162b9544950dbe42349a4bdacebb07b7c6e276f99,Personal/infrastructure locators removed; scientific values retained,T1_146_0x47ecdd1986d4d729cb2018c47b62b8f007d795d9.json
numeric_records/N09.json,REDACTED_PROJECTION_OF_RETAINED_RECORD,Original numeric record with only locator/infrastructure redaction,738859f78bb3cd13f0acc045785d774fc98dcb113cf225d0fdfb75a14cc2c0c8,Personal/infrastructure locators removed; scientific values retained,T1_42161_0xcec3383ab6633672943117952b9d7c901c725e15.json
numeric_records/N10.json,REDACTED_PROJECTION_OF_RETAINED_RECORD,Original numeric record with only locator/infrastructure redaction,fd6164271cc1a0b81fc4b6ae30dd38a21867c67be9910b5fb88517f297ecfc58,Personal/infrastructure locators removed; scientific values retained,T1_43114_0x512935aaf49f89d000aab0d8102c334876942d2c.json
numeric_records/N11.json,REDACTED_PROJECTION_OF_RETAINED_RECORD,Original numeric record with only locator/infrastructure redaction,fe0d6fe857afb647a785a29ec4a5d278c458f42169bf3202b6774fea69662fd0,Personal/infrastructure locators removed; scientific values retained,T1_1_0x33f1e44db47400c9bd6221962712d882adb8ffa6.json
numeric_records/N12.json,REDACTED_PROJECTION_OF_RETAINED_RECORD,Original numeric record with only locator/infrastructure redaction,9084daf35352362e3460a11c8095119bb5281b015471e1d88748a207ccb6fb3b,Personal/infrastructure locators removed; scientific values retained,T1_1_0x1919de21635276a80aa3384a852df8189e1b7205.json
numeric_records/N13.json,REDACTED_PROJECTION_OF_RETAINED_RECORD,Original numeric record with only locator/infrastructure redaction,54ed4507b78e66d94c535cb9070d7c8732a6adf1362288c329e47c9eaad3f52c,Personal/infrastructure locators removed; scientific values retained,T2_8453_0x4687670f5f01716faa382e2356c103bad776752c.json
numeric_records/N14.json,REDACTED_PROJECTION_OF_RETAINED_RECORD,Original numeric record with only locator/infrastructure redaction,febef071e985119900f26a055c911e3b73c436b866da650b854c272ae891013c,Personal/infrastructure locators removed; scientific values retained,T2_146_0x47ecdd1986d4d729cb2018c47b62b8f007d795d9.json
numeric_records/N15.json,REDACTED_PROJECTION_OF_RETAINED_RECORD,Original numeric record with only locator/infrastructure redaction,942222a784abdd9fb635028be96a2983d39d03bb6bd17e19dc833d4022a80b1c,Personal/infrastructure locators removed; scientific values retained,T2_42161_0xcec3383ab6633672943117952b9d7c901c725e15.json
numeric_records/N16.json,REDACTED_PROJECTION_OF_RETAINED_RECORD,Original numeric record with only locator/infrastructure redaction,554ce6c5514448ebc15801028dfcd9e719bce1aa4fae9398d1b52e54d7577750,Personal/infrastructure locators removed; scientific values retained,T2_43114_0x512935aaf49f89d000aab0d8102c334876942d2c.json
numeric_records/N17.json,REDACTED_PROJECTION_OF_RETAINED_RECORD,Original numeric record with only locator/infrastructure redaction,4c24cb4f09b3a4e4ecc41f7dbc6b729853214b8437e9411dacb41bda5b521c0f,Personal/infrastructure locators removed; scientific values retained,T2_1_0x33f1e44db47400c9bd6221962712d882adb8ffa6.json
numeric_records/N18.json,REDACTED_PROJECTION_OF_RETAINED_RECORD,Original numeric record with only locator/infrastructure redaction,83e7b5a4a8a46cf3424e49d146416846d56d7f4f2593a6903b85db70d3ae02ad,Personal/infrastructure locators removed; scientific values retained,T2_1_0x1919de21635276a80aa3384a852df8189e1b7205.json
numeric_observation_table.csv,DERIVED_RESULT,All 18 original numeric rows; reviewer-relative locators added,fb940765bc1aa83736de34d1d21ca6a06bc3abe0d8bdc6bf320aae90501f2574,Locator redaction/addition only,PAPER_NUMERIC_EVIDENCE_DERIVED.csv
policy_original_results.csv,DERIVED_RESULT,All 28 original and derived policy classifications,4047a07e1fcd4bb13c9e45efee4a17a66e7570444b250f286e104becaf138983,Personal/infrastructure locators removed; scientific values retained,FORMAL_POLICY_DIFFERENTIAL_RESULTS_FINAL.csv
policy_records/SF00.json,REDACTED_PROJECTION_OF_RETAINED_RECORD,Earlier controlled witness; scientific content retained,ec0ad650790b85c1c81c928c56180dac942b2842a7fc8b33f9744acafbeef3d4,Personal/infrastructure locators removed; scientific values retained,SF00.json
policy_records/SF01.json,REDACTED_PROJECTION_OF_RETAINED_RECORD,Earlier controlled witness; scientific content retained,16c71ccebfa0a6312c58ccc0aff0ac93f3d6f0529057ad77ba610f91678d138d,Personal/infrastructure locators removed; scientific values retained,SF01.json
policy_records/SF02.json,REDACTED_PROJECTION_OF_RETAINED_RECORD,Earlier controlled witness; scientific content retained,362afc35ea7c68cf278d0c0410a126b0dcac55e0d69e3c2e9ed7f3e3055799f3,Personal/infrastructure locators removed; scientific values retained,SF02.json
policy_records/SF03.json,REDACTED_PROJECTION_OF_RETAINED_RECORD,Earlier controlled witness; scientific content retained,a4e1832304d48db05bdf03a9db28a8533457c3d3dc35ec8904604bf70f73fe59,Personal/infrastructure locators removed; scientific values retained,SF03.json
policy_records/SF04.json,REDACTED_PROJECTION_OF_RETAINED_RECORD,Earlier controlled witness; scientific content retained,83e13b399cc414855cdb60a5b60358d9a986d9338dd664341cfaa27b524ada5e,Personal/infrastructure locators removed; scientific values retained,SF04.json
policy_records/SF05.json,REDACTED_PROJECTION_OF_RETAINED_RECORD,Earlier controlled witness; scientific content retained,be9e8915c890e78f3a3323137265f0e03c93ba1c3adbfa7e44c5b4856c6f56f2,Personal/infrastructure locators removed; scientific values retained,SF05.json
policy_records/SF06.json,REDACTED_PROJECTION_OF_RETAINED_RECORD,Earlier controlled witness; scientific content retained,3a506c009fc394ab898bec5d2c2aca282f2a10a074e8ddfab7dde703d51ebea7,Personal/infrastructure locators removed; scientific values retained,SF06.json
policy_records/SF07.json,REDACTED_PROJECTION_OF_RETAINED_RECORD,Earlier controlled witness; scientific content retained,17d04704fa29652f99f8c721fbfe828377eb64a9f9d8bcd6f7fceff88e6d4e06,Personal/infrastructure locators removed; scientific values retained,SF07.json
policy_records/NE00.json,REDACTED_PROJECTION_OF_RETAINED_RECORD,Earlier controlled witness; scientific content retained,5b061052ebfff720ce997135f4c52aff20f6c8ab944c3ce20865b59d57f687ab,Personal/infrastructure locators removed; scientific values retained,NE00.json
policy_records/NE01.json,REDACTED_PROJECTION_OF_RETAINED_RECORD,Earlier controlled witness; scientific content retained,b6e17edd14e1c0ab49beeef4f224a1ba72e7a5b9bfe50d031a239356169e7bb7,Personal/infrastructure locators removed; scientific values retained,NE01.json
policy_records/NE02.json,REDACTED_PROJECTION_OF_RETAINED_RECORD,Earlier controlled witness; scientific content retained,c161f09cd8d468293452b2dfa55312a66f9ebacdd17e47a9dbedc781af670a86,Personal/infrastructure locators removed; scientific values retained,NE02.json
policy_records/NE03.json,REDACTED_PROJECTION_OF_RETAINED_RECORD,Earlier controlled witness; scientific content retained,ca9604e3dc69ca41cc553b424c8c05ca01a81c686b8bad503d1b3b09b454795d,Personal/infrastructure locators removed; scientific values retained,NE03.json
policy_records/NE04.json,REDACTED_PROJECTION_OF_RETAINED_RECORD,Earlier controlled witness; scientific content retained,d76598cb4e20e3c8e53143fe60fee4cc4cd18052e2fb44d53e1051927c2a3ed3,Personal/infrastructure locators removed; scientific values retained,NE04.json
policy_records/NE05.json,REDACTED_PROJECTION_OF_RETAINED_RECORD,Earlier controlled witness; scientific content retained,4b5c0e70ff4f4f41f97c4225e79036a4db97e7a1b22c5c37729b19d69c7c453d,Personal/infrastructure locators removed; scientific values retained,NE05.json
policy_records/NE06.json,REDACTED_PROJECTION_OF_RETAINED_RECORD,Earlier controlled witness; scientific content retained,9a6a6694fa72aa0aba86c06944815963d6db83c220acfc7cf9054473ce2c86b8,Personal/infrastructure locators removed; scientific values retained,NE06_RESUME_002.json
policy_records/NE07.json,REDACTED_PROJECTION_OF_RETAINED_RECORD,Earlier controlled witness; scientific content retained,e48d5a91818b7ac37ab1618eeb272acdcda8e533cc711f986f3750c0589e69b8,Personal/infrastructure locators removed; scientific values retained,NE07_RESUME_002.json
policy_records/VE00.json,REDACTED_PROJECTION_OF_RETAINED_RECORD,Earlier controlled witness; scientific content retained,72433ca9c68cd6bcd1fdb947f294b8d861cffd8e2c324ff2d29a1ee62ff4d417,Personal/infrastructure locators removed; scientific values retained,VE00_RESUME_002.json
policy_records/VE01.json,REDACTED_PROJECTION_OF_RETAINED_RECORD,Earlier controlled witness; scientific content retained,ab5379c831261a59c0a4210eb40e537d1ea90cf8ccfdd2c76b8f7a4ebfd79ee4,Personal/infrastructure locators removed; scientific values retained,VE01_RESUME_002.json
policy_records/VE02.json,REDACTED_PROJECTION_OF_RETAINED_RECORD,Earlier controlled witness; scientific content retained,f43a9d685bd66ab26b6968b55570cef0bc8e3f3f2f4c7a1123ce2b84fb961c6b,Personal/infrastructure locators removed; scientific values retained,VE02_RESUME_002.json
policy_records/VE03.json,REDACTED_PROJECTION_OF_RETAINED_RECORD,Earlier controlled witness; scientific content retained,62e54134826ce521028936550102a27b5bdea53646b8adf1b9b25d9f20f431e7,Personal/infrastructure locators removed; scientific values retained,VE03_RESUME_002.json
policy_records/VE04.json,REDACTED_PROJECTION_OF_RETAINED_RECORD,Earlier controlled witness; scientific content retained,cb1538803de89ba25662799dc6599cfac839463a37eb092e043fe25bd1a60a40,Personal/infrastructure locators removed; scientific values retained,VE04_RESUME_002.json
policy_records/VE05.json,REDACTED_PROJECTION_OF_RETAINED_RECORD,Earlier controlled witness; scientific content retained,8ec0956d364b2301a0ed2753b9265fd97b131ba9b6614ccae0ef0ff2549b3008,Personal/infrastructure locators removed; scientific values retained,VE05_RESUME_002.json
policy_records/VE06.json,REDACTED_PROJECTION_OF_RETAINED_RECORD,Earlier controlled witness; scientific content retained,ef6abef4c13a2ae2da34ba32c28d3b276821968dd3bc7850ea1a5932e8f92fb9,Personal/infrastructure locators removed; scientific values retained,VE06_RESUME_002.json
policy_records/VE07.json,REDACTED_PROJECTION_OF_RETAINED_RECORD,Earlier controlled witness; scientific content retained,21eb3a60ae7931ca366f2f3f1a67dec62ee8b3011759114cdac386183c2da329,Personal/infrastructure locators removed; scientific values retained,VE07_RESUME_002.json
policy_records/VE08.json,REDACTED_PROJECTION_OF_RETAINED_RECORD,Earlier controlled witness; scientific content retained,4c4ce2dfef6169b9e2d8f0ae3bfecd39abf2692cde9f497165ce85e0716f61dd,Personal/infrastructure locators removed; scientific values retained,VE08_RESUME_002.json
policy_records/VE09.json,REDACTED_PROJECTION_OF_RETAINED_RECORD,Earlier controlled witness; scientific content retained,1d8521ed80ec9f76132bb8272dacb7ba017d1feb40a4f8f4b6dbfcfab38c380b,Personal/infrastructure locators removed; scientific values retained,VE09_RESUME_002.json
policy_records/VE10.json,REDACTED_PROJECTION_OF_RETAINED_RECORD,Earlier controlled witness; scientific content retained,76bcdcb4613238eb10c809c0b08204bca645217ae511519a1922e95e0bc72f21,Personal/infrastructure locators removed; scientific values retained,VE10_RESUME_002.json
policy_records/VE11.json,REDACTED_PROJECTION_OF_RETAINED_RECORD,Earlier controlled witness; scientific content retained,013ea3efc57e8b69e14bf5121a340f0391794864c4dd202218439c07aaea58cc,Personal/infrastructure locators removed; scientific values retained,VE11_RESUME_002.json
corrections/compound_T2.md,REDACTED_PROJECTION_OF_RETAINED_RECORD,Original formula correction; no rerun,5c2398a1120659fe2f250919824b07944b82c17ec9ec562e9e4445e52cc863b2,Personal/infrastructure locators removed; scientific values retained,COMPOUND_T2_ANALYSIS_CORRECTION_001.md
corrections/vesta_review.json,REDACTED_PROJECTION_OF_RETAINED_RECORD,"Exact implementation, original/derived classifications and binding error",6921d7c142371c6cbd298f44261c49f8c4b33610f0c5e4730cccce4c2433d49a,Personal/infrastructure locators removed; scientific values retained,VESTA_POST_EXECUTION_BINDING_AND_CLASSIFIER_REVIEW_001.json
corrections/vesta_review.md,REDACTED_PROJECTION_OF_RETAINED_RECORD,VE10 correction and VE06/VE07 NC explanation,57da3049a71eb1fb9cc08e94be5c1222089c31f4b124acb72e4908aba7fa5e32,Personal/infrastructure locators removed; scientific values retained,VESTA_POST_EXECUTION_BINDING_AND_CLASSIFIER_REVIEW_001.md
corrections/numeric_recovery.md,REDACTED_PROJECTION_OF_RETAINED_RECORD,Primary/secondary evidence tiers,b0dcea2be5b5ebbdffabafd2f99234dc80464344652a8b1db74dc37b93d0529a,Personal/infrastructure locators removed; scientific values retained,POST_COMPLETION_INFRASTRUCTURE_RECOVERY_FINAL_AUDIT.md
deployment_binding_summary/numeric_selection.json,REDACTED_PROJECTION_OF_RETAINED_RECORD,"Exact numeric roots, inputs and formulas",8a9a21c4ca9338a6d3b6c904edad48d95dca62b557da79fa6fe164aa013319af,Personal/infrastructure locators removed; scientific values retained,ROOT_PATH_SELECTION_MANIFEST.json
deployment_binding_summary/stateful_selection.json,REDACTED_PROJECTION_OF_RETAINED_RECORD,Selected identities; historical pre-execution status retained,39233585934f6a7b789cdda0a5f13d8ade35d1c1a0dc24ef84f14e3faf505e92,Personal/infrastructure locators removed; scientific values retained,G4_FORMAL_SELECTION_FREEZE.json
source_binding_summary/fathom_correspondence.md,REDACTED_PROJECTION_OF_RETAINED_RECORD,Deployment-era executable match; metadata difference,dff583f886faa49a01c1d036eedfce0373d961e331e570f00d0c0f8a7f9d9017,Personal/infrastructure locators removed; scientific values retained,G3_FATHOM_SOURCE_CORRESPONDENCE.md
source_binding_summary/fathom_correspondence.json,REDACTED_PROJECTION_OF_RETAINED_RECORD,Compiler and runtime digests,effbf7583fccb160e17bf5adffe37ab390abd88298fc0d576996f1ea1be53907,Personal/infrastructure locators removed; scientific values retained,G3_FATHOM_SOURCE_CORRESPONDENCE.json
source_binding_summary/fathom_dependency.json,REDACTED_PROJECTION_OF_RETAINED_RECORD,Source dependency executable and config,aba48118240faafe17097b279560b77844a343d527d67dfb2a9ea3b2471893c4,Personal/infrastructure locators removed; scientific values retained,G3_FATHOM_SOURCE_ORACLE_BINDING.json
source_binding_summary/public_lineage_scope.md,REDACTED_PROJECTION_OF_RETAINED_RECORD,Public-provenance scope; no unpublished ancestry assertion,d0abe3d866430c538ed8bd41a9765e9db6077d98faeba048e8db1425a96b5a2b,Personal/infrastructure locators removed; scientific values retained,G3_PAIRWISE_LINEAGE_AUDIT_V1.md
protocol_and_reference_summary/condition_matrix.csv,REDACTED_PROJECTION_OF_RETAINED_RECORD,Prospectively fixed design; no relabeling,11098ba912898ed817820b5a0abd117a68d470c3ba1a7d62dba6c53acae23e24,Personal/infrastructure locators removed; scientific values retained,G4_CONDITION_MATRIX_V1.csv
protocol_and_reference_summary/pair_definitions.csv,REDACTED_PROJECTION_OF_RETAINED_RECORD,Prospectively fixed design; no relabeling,2f67c704e86fa1edd85458d433a3e266b23293a11f45ff3169140c146df35f05,Personal/infrastructure locators removed; scientific values retained,G4_PAIRWISE_COMPARISON_LOCK_V1.csv
protocol_and_reference_summary/reference.json,REDACTED_PROJECTION_OF_RETAINED_RECORD,Prospectively fixed design; no relabeling,3ca5f02b1db50003f3a442f88992e363f0ba1c5b1c6817f2037a75cdcca7e270,Personal/infrastructure locators removed; scientific values retained,G4_REFERENCE_LOCK_V1.json
protocol_and_reference_summary/observation_contract.json,REDACTED_PROJECTION_OF_RETAINED_RECORD,Prospectively fixed design; no relabeling,6bb734fef4187d6ef629d5416c5cfbc697f95019f7ec46d84443dd0c01efb516,Personal/infrastructure locators removed; scientific values retained,G4_INTERVENTION_OBSERVATION_PROTOCOL_V1.json
protocol_and_reference_summary/legal_history_graph.csv,REDACTED_PROJECTION_OF_RETAINED_RECORD,Prospectively fixed design; no relabeling,6f11bb48c34a3c4a29cf2b94ea33230a2b238f783ac4ac4ed7e431ff7975b245,Personal/infrastructure locators removed; scientific values retained,G4_STATE_GRAPH_V1.csv
protocol_and_reference_summary/metric_definition.json,REDACTED_PROJECTION_OF_RETAINED_RECORD,Prospectively fixed design; no relabeling,1e998ba712d9321efeecbe9d13495abd897efc97586157e75b891ed141c700b5,Personal/infrastructure locators removed; scientific values retained,G4_METRIC_LOCK_V1.json
protocol_and_reference_summary/earlier_policy_protocol.json,REDACTED_PROJECTION_OF_RETAINED_RECORD,Original 28-scenario protocol,2ab451a712b382fffb663f166c529086812a680e84e0d45c58f3e66fbac869ff,Personal/infrastructure locators removed; scientific values retained,FORMAL_POLICY_DIFFERENTIAL_PROTOCOL_V1.json
protocol_and_reference_summary/earlier_policy_reference.json,REDACTED_PROJECTION_OF_RETAINED_RECORD,Original reference retains Vesta variant error,539fe8059bc48fbb8ff0f5eaf82cc8798667fc538f4fa2b13826b8749f883884,Personal/infrastructure locators removed; scientific values retained,FORMAL_POLICY_REFERENCE_LOCK.json
protocol_and_reference_summary/earlier_policy_matrix.json,REDACTED_PROJECTION_OF_RETAINED_RECORD,Original 28-item matrix,028db5f14ff2d684f67fb0b50efd9f7d7101c4dc472d2e72d25011847df95a32,Personal/infrastructure locators removed; scientific values retained,FORMAL_28_EXECUTION_MATRIX.json
coverage_summary.json,REDACTED_PROJECTION_OF_RETAINED_RECORD,Condition coverage,86ff81278dc680f83aa957225ad50c1b92f9a1023ca335a33cd237023b855ea7,Personal/infrastructure locators removed; scientific values retained,G6_EXECUTION_SUMMARY.json
